iter	Logloss
0	0.135164988
1	0.09946126764
